{"_runtime":61.952621298,"train/top_3_acc":0.06723205907773765,"train/top_1_acc":0.031795975416206754,"train/top_2_acc":0.05160267086411206,"_wandb":{"runtime":62},"train/lr":9.825765584403542e-05,"train/vloss":0.44820839166641235,"_timestamp":1.7571008771290836e+09,"train/acc":0.031884692169195365,"train/loss":1.2640867233276367,"_step":448,"train/ploss":8.158782958984375}